{
    "precision": 0.9561104628549203,
    "recall": 0.9329163693774384,
    "f1": 0.9443710237075759,
    "f2": 0.9374647233966238
}