{
    "precision": 0.9753502694380293,
    "recall": 0.9616838461888786,
    "f1": 0.968468847171057,
    "f2": 0.9643864061036248
}