{
    "precision": 0.9217614772042261,
    "recall": 0.8820912968894691,
    "f1": 0.9014901753423491,
    "f2": 0.8897497932613894
}