{
    "precision": 0.6073441522357931,
    "recall": 0.8130038103623639,
    "f1": 0.6952847090103269,
    "f2": 0.7614361149817339
}