{
    "precision": 0.9780906699675074,
    "recall": 0.9596344481046863,
    "f1": 0.9687746641339697,
    "f2": 0.9632697593989814
}