{
    "precision": 0.9599336660460895,
    "recall": 0.9314590196286794,
    "f1": 0.9454820019223978,
    "f2": 0.9370179987647632
}