{
    "precision": 0.9278739352096019,
    "recall": 0.8813626220150896,
    "f1": 0.9040204290864661,
    "f2": 0.890288073144391
}