{
    "precision": 0.6509831375909809,
    "recall": 0.8187269442715528,
    "f1": 0.7252824098484458,
    "f2": 0.7786013125640524
}