{
    "precision": 0.9791896554403743,
    "recall": 0.9564464955292761,
    "f1": 0.967684462688841,
    "f2": 0.9609102139598753
}