{
    "precision": 0.9600836372783298,
    "recall": 0.9270717896558529,
    "f1": 0.9432889767110846,
    "f2": 0.9334912870485942
}