{
    "precision": 0.9297955381378391,
    "recall": 0.8788122599547614,
    "f1": 0.9035853090795448,
    "f2": 0.888556667148744
}