{
    "precision": 0.6743953019368095,
    "recall": 0.8071592306407784,
    "f1": 0.7348286965519744,
    "f2": 0.7765830346253927
}