{
    "precision": 0.9694171868084912,
    "recall": 0.9643252926085042,
    "f1": 0.9668645357186457,
    "f2": 0.9653393876749988
}