{
    "precision": 0.9318357159065124,
    "recall": 0.9351175747271264,
    "f1": 0.9334737607283117,
    "f2": 0.9344593548891347
}