{
    "precision": 0.8442404586784039,
    "recall": 0.885188165105582,
    "f1": 0.8642295521246822,
    "f2": 0.8766839066428903
}