{
    "precision": 0.5289479186371827,
    "recall": 0.8065064593991469,
    "f1": 0.6388835441341791,
    "f2": 0.7299048445746861
}