{
    "precision": 0.8765546526415623,
    "recall": 0.6173394258649219,
    "f1": 0.7244579836687484,
    "f2": 0.6561466350261195
}