{
    "precision": 0.8565431109048333,
    "recall": 0.6163526786391996,
    "f1": 0.7168635343899474,
    "f2": 0.6529738527241792
}