{
    "precision": 0.9183670321874181,
    "recall": 0.9039515431208538,
    "f1": 0.9111022705908014,
    "f2": 0.9067983224048163
}