{
    "precision": 0.8903208714488304,
    "recall": 0.8672900885036358,
    "f1": 0.8786545884675644,
    "f2": 0.8718004278615694
}