{
    "precision": 0.8409419771343161,
    "recall": 0.8028479043006999,
    "f1": 0.821453534377886,
    "f2": 0.8101880930374428
}