{
    "precision": 0.6316438338931452,
    "recall": 0.7622242800540434,
    "f1": 0.6908175338653009,
    "f2": 0.7319604761529479
}