{
    "precision": 0.9220847591471439,
    "recall": 0.9040274467536016,
    "f1": 0.9129668240132905,
    "f2": 0.9075821077299894
}