{
    "precision": 0.8949280468517562,
    "recall": 0.8675937030346272,
    "f1": 0.8810489154232111,
    "f2": 0.8729261683674037
}