{
    "precision": 0.8474272357593416,
    "recall": 0.8035462177219802,
    "f1": 0.8249035726309095,
    "f2": 0.8119550611242334
}