{
    "precision": 0.6453480956146841,
    "recall": 0.7680536790490793,
    "f1": 0.7013744965574567,
    "f2": 0.7399163473410963
}