{
    "precision": 0.9157330130262804,
    "recall": 0.671261366569004,
    "f1": 0.7746671337984186,
    "f2": 0.7091240910866317
}