{
    "precision": 0.9513720327477682,
    "recall": 0.7021086029177357,
    "f1": 0.8079519945007358,
    "f2": 0.740934169784848
}