{
    "precision": 0.6058908301892902,
    "recall": 0.5680324260319098,
    "f1": 0.5863511713047491,
    "f2": 0.5752208307903979
}