{
    "precision": 0.9089867733756911,
    "recall": 0.903480940597817,
    "f1": 0.9062254942513549,
    "f2": 0.9045767647521163
}