{
    "precision": 0.8647854025218235,
    "recall": 0.8662426183717152,
    "f1": 0.8655133970392709,
    "f2": 0.865950782434544
}