{
    "precision": 0.7702627898846288,
    "recall": 0.8027112777617537,
    "f1": 0.7861523479105627,
    "f2": 0.7960046967941005
}