{
    "precision": 0.6105251512022423,
    "recall": 0.7539507840845263,
    "f1": 0.6746999408557223,
    "f2": 0.7201165757807397
}